{"IcoMoonType":"selection","icons":[{"icon":{"paths":["M1024 590.444l-512-397.426-512 397.428v-162.038l512-397.426 512 397.428zM896 576v384h-256v-256h-256v256h-256v-384l384-288z"],"tags":["home","house"],"defaultCode":59648,"grid":16,"attrs":[]},"attrs":[],"properties":{"ligatures":"home, house","name":"home","order":5,"id":1,"prevSize":32,"code":59648},"setIdx":0,"setId":1,"iconIdx":0},{"icon":{"paths":["M864 0c88.364 0 160 71.634 160 160 0 36.020-11.91 69.258-32 96l-64 64-224-224 64-64c26.742-20.090 59.978-32 96-32zM64 736l-64 288 288-64 592-592-224-224-592 592zM715.578 363.578l-448 448-55.156-55.156 448-448 55.156 55.156z"],"tags":["pencil","write","edit"],"defaultCode":59653,"grid":16,"attrs":[]},"attrs":[],"properties":{"ligatures":"pencil, write","name":"pencil","order":7,"id":6,"prevSize":32,"code":59653},"setIdx":0,"setId":1,"iconIdx":5},{"icon":{"paths":["M384 640l128-64 448-448-64-64-448 448-64 128zM289.3 867.098c-31.632-66.728-65.666-100.762-132.396-132.394l99.096-272.792 128-77.912 384-384h-192l-384 384-192 640 640-192 384-384v-192l-384 384-77.912 128z"],"tags":["pencil","write","edit"],"defaultCode":59654,"grid":16,"attrs":[]},"attrs":[],"properties":{"ligatures":"pencil2, write2","name":"pencil2","order":8,"id":7,"prevSize":32,"code":59654},"setIdx":0,"setId":1,"iconIdx":6},{"icon":{"paths":["M160 160c264 88 704 318.313 704 704-145.063-180.813-484-264-484-396s0-132 0-132l-220-132v-44z"],"tags":["quill","feather","write","edit"],"defaultCode":59655,"grid":16,"attrs":[]},"attrs":[],"properties":{"ligatures":"quill, feather","name":"quill","order":4,"id":8,"prevSize":32,"code":59655},"setIdx":0,"setId":1,"iconIdx":7},{"icon":{"paths":["M981.188 160.108c-143.632-20.65-302.332-32.108-469.186-32.108-166.86 0-325.556 11.458-469.194 32.108-27.53 107.726-42.808 226.75-42.808 351.892 0 125.14 15.278 244.166 42.808 351.89 143.638 20.652 302.336 32.11 469.194 32.11 166.854 0 325.552-11.458 469.186-32.11 27.532-107.724 42.812-226.75 42.812-351.89 0-125.142-15.28-244.166-42.812-351.892zM384.002 704v-384l320 192-320 192z"],"tags":["play","video","movie"],"defaultCode":59666,"grid":16,"attrs":[]},"attrs":[],"properties":{"ligatures":"play, video","name":"play","order":6,"id":19,"prevSize":32,"code":59666},"setIdx":0,"setId":1,"iconIdx":18},{"icon":{"paths":["M964.73 178.804c-93.902-109.45-233.21-178.804-388.73-178.804-282.77 0-512 229.23-512 512s229.23 512 512 512c155.52 0 294.828-69.356 388.728-178.804l-324.728-333.196 324.73-333.196zM704 120.602c39.432 0 71.398 31.964 71.398 71.398 0 39.432-31.966 71.398-71.398 71.398s-71.398-31.966-71.398-71.398c0-39.432 31.966-71.398 71.398-71.398z"],"tags":["pacman","game","arcade"],"defaultCode":59670,"grid":16,"attrs":[]},"attrs":[],"properties":{"ligatures":"pacman, game2","name":"pacman","order":3,"id":23,"prevSize":32,"code":59670},"setIdx":0,"setId":1,"iconIdx":22}],"height":1024,"metadata":{"name":"icomoon"},"preferences":{"showGlyphs":true,"showQuickUse":true,"showQuickUse2":true,"showSVGs":true,"fontPref":{"prefix":"icon-","metadata":{"fontFamily":"icomoon"},"metrics":{"emSize":1024,"baseline":6.25,"whitespace":50},"embed":false},"imagePref":{"prefix":"icon-","png":true,"useClassSelector":true,"color":0,"bgColor":16777215,"classSelector":".icon"},"historySize":50,"showCodes":true,"gridSize":16}}